date,close
2026-03-24,175.2
2026-03-25,178.68
2026-03-26,171.24
2026-03-27,167.52
2026-03-30,165.17
2026-03-31,174.4
2026-04-01,175.75
2026-04-02,177.39
2026-04-06,177.64
2026-04-07,178.1
2026-04-08,182.08
2026-04-09,183.91
2026-04-10,188.63
2026-04-13,189.31
2026-04-14,196.51
2026-04-15,198.87
2026-04-16,198.35
2026-04-17,201.68
2026-04-20,202.06
2026-04-21,199.88
2026-04-22,202.5
2026-04-23,199.64
2026-04-24,208.27
2026-04-27,216.61
2026-04-28,213.17
2026-04-29,209.25
2026-04-30,199.57
2026-05-01,198.45
2026-05-04,198.48
2026-05-05,196.5
2026-05-06,207.83
2026-05-07,211.5
2026-05-08,215.2
2026-05-11,219.44
2026-05-12,220.78
2026-05-13,225.83
2026-05-14,235.74
2026-05-15,225.32
2026-05-18,222.32
2026-05-19,220.61
2026-05-20,223.47
2026-05-21,219.51
2026-05-22,215.33
2026-05-26,214.86
2026-05-27,212.6
2026-05-28,214.25
2026-05-29,211.14
2026-06-01,224.36
2026-06-02,222.82
2026-06-03,214.75
2026-06-04,218.66
2026-06-05,205.1
2026-06-08,208.64
2026-06-09,208.19
2026-06-10,200.42
2026-06-11,204.87
2026-06-12,205.19
2026-06-15,212.45
2026-06-16,207.41
2026-06-17,204.65
2026-06-18,210.69
2026-06-22,208.65
2026-06-23,200.04
2026-06-24,199.0
2026-06-25,195.74
2026-06-26,192.53
2026-06-29,194.97
2026-06-30,200.09
2026-07-01,197.58
2026-07-02,194.83
2026-07-06,195.55
2026-07-07,196.93
2026-07-08,204.12
2026-07-09,202.78
2026-07-10,210.96
2026-07-13,203.53
2026-07-14,211.8
2026-07-15,212.5
2026-07-16,207.4
2026-07-17,202.81
2026-07-20,203.28
2026-07-21,207.29
2026-07-22,212.06
2026-07-23,208.76
2026-07-24,206.84
2026-07-27,196.51
2026-07-28,197.01
2026-07-29,190.01
2026-07-30,195.04
2026-07-31,200.75
2026-08-03,206.64
2026-08-04,211.94
2026-08-05,219.22
2026-08-06,218.99
2026-08-07,223.96
2026-08-10,217.55
2026-08-11,217.5
2026-08-12,224.09
2026-08-13,225.3
2026-08-14,225.16
